filename,label,text
tsuchiya_normal_001.wav,0,また当時のように、古代妙王と呼ばれる主要な妙王の中央に生えされることも多い。
tsuchiya_normal_002.wav,0,ニューイングランド風は牛乳をベースとした白いクリームスープであり、ボストンクラムチャウダーとも呼ばれる。
tsuchiya_normal_003.wav,0,コンピューターゲームのメーカーや 業界団体などに関連する人物のカテゴリー
tsuchiya_normal_004.wav,0,サービスマネージャー導入駅のため、大居町駅から遠隔監視している。
tsuchiya_normal_005.wav,0,シルバーサーファー衝撃事件までに、リチャーズはチーム名とともに、国際的にスーパーヒーローおよび有名人として認知されている。
tsuchiya_normal_006.wav,0,手連ハルト量はビルテンベルグ量に変入された
tsuchiya_normal_007.wav,0,時間領域と空間領域で共通する処理手法は、フィルタリングによる入力信号の強化である。
tsuchiya_normal_008.wav,0,シャンチーの専業プロはチームから支払われる給料と 対極費を主な収入としている
tsuchiya_normal_009.wav,0,またネジメシは、中残王の治める流球王国との攻撃にも参加した。
tsuchiya_normal_010.wav,0,スマートフォンからフィーチャーフォンまで、マルチデバイスに対応。
tsuchiya_normal_011.wav,0,軽妙車脱なナレーションから 常聴感あふれる語りまで幅広い表現力を持つ
tsuchiya_normal_012.wav,0,構造ははがなせいの単一アーチで、 供給は石済みである。
tsuchiya_normal_013.wav,0,そこへオーナーが新しいシェクトして、腕利きの標抜を招く。
tsuchiya_normal_014.wav,0,クイーンザーベニューアルファに所属している
tsuchiya_normal_015.wav,0,一方で漁業と商業でリアネスコーは反映していた
tsuchiya_normal_016.wav,0,このニュー・サウスウェールズ代表チームが わらびーズの中核となっていく
tsuchiya_normal_017.wav,0,ただし、ギャンブル依存症の入院治療を行っている病院はわずかである。
tsuchiya_normal_018.wav,0,他のメジャーなディストリビューションに比べ、セキュリティ上の問題の修正が遅い場合もある。
tsuchiya_normal_019.wav,0,ベルガー東和前のベディケンウーファーパークには、 戦争と弾圧の犠牲者のための記念費がたっている。
tsuchiya_normal_020.wav,0,全米パブリッシャーズ協会のベストストラデジーゲームオブザイヤーを日本人として受賞
tsuchiya_normal_021.wav,0,痛みは天敵より沈通薬を定めく投与することで沈通を行う
tsuchiya_normal_022.wav,0,この時に、富裕大陸パルバマにある中立国、ウエルバが、ある情報筋からバッシュ将軍の処刑と、全王女アーシェの次第を発表。
tsuchiya_normal_023.wav,0,南西部ウォーレンはベイヤーマンファームズとフィッツジェラルドの地区で構成される
tsuchiya_normal_024.wav,0,このため、プラズマ中のイオンや電子の持つ平均運動エネルギーを温度で表現することがある。
tsuchiya_normal_025.wav,0,その表表とした人柄が老虐難虐に従われている
tsuchiya_normal_026.wav,0,現在、ニュージャージー州、ムーアズタウンに住んでいる。
tsuchiya_normal_027.wav,0,常域にあった Mineyamahan は長岡飯に米100票を送ったことで有名
tsuchiya_normal_028.wav,0,この時、ペリメーデーは、アムピクトリュウオンに同行して定売に来ていたリキュムニオスに妻として与えられた。
tsuchiya_normal_029.wav,0,現在の活動目的としたスキーブーツは、 硬いプラスチックシェルと柔らかいインナーブーツからなる。
tsuchiya_normal_030.wav,0,防標ブーツは表面に貼られたゴム製の薄い幕でできている
tsuchiya_normal_031.wav,0,校舎の代表がウェッジウッドのジェスパーウェアである
tsuchiya_normal_032.wav,0,キー曲が発信するニュースネットワーク名を関したタイトルのニュース番組の中では、レギュラー放送が最も多い。
tsuchiya_normal_033.wav,0,ゲーノープロダクションアミューズのグループ企業
tsuchiya_normal_034.wav,0,長胞胤を省略して、エルシオンとも表記される。
tsuchiya_normal_035.wav,0,森永の美味しい牛乳は、濃い青色に牛乳瓶を柱ったデザインのパック牛乳である。
tsuchiya_normal_036.wav,0,番組冒頭を東京ムービー制作のアニメーションで表現する点も共通していた
tsuchiya_normal_037.wav,0,コミューンは西ヌ川とエソヌ川の合流地点となっている
tsuchiya_normal_038.wav,0,同時に福井ミラクレレファンズに コーチ権任で入団することが発表された
tsuchiya_normal_039.wav,0,夫である小室が救急車を呼び、 都内病院に緊急搬送される
tsuchiya_normal_040.wav,0,ギレスピーはマッキーを通じてイネスと知り合った
tsuchiya_normal_041.wav,0,フォンテーヌブロウ様式では具合的な絵が、しっくりのモールドに使われている。
tsuchiya_normal_042.wav,0,最尽は美術の派の成人 スーワーミーナーラーやん
tsuchiya_normal_043.wav,0,ハーデースがペルセポネーに恋をしたのはアプロディー帝の策略であるとされている
tsuchiya_normal_044.wav,0,クエインバーンちゃんは小さなコミュニティで 農業や商業を中心になり立っていたと考えられている
tsuchiya_normal_045.wav,0,ベーザー自転車道や、ミューレンルートに従ったサイクリングツアーは、ペータースハーゲンを経由する。
tsuchiya_normal_046.wav,0,フォーミラカーは通常オープンホイールでシングルシーターである
tsuchiya_normal_047.wav,0,同日朝に大阪南波で出発セレモニーが開催され、 営業運転に重頭された。
tsuchiya_normal_048.wav,0,そして、インデペンデント氏の独社投票で選ぶ プレミアムリーグ最優秀ゴールキーパーに選ばれた
tsuchiya_normal_049.wav,0,プレイヤーキャラクターは 急電を選挙した邪悪なクリーチャーに相互する
tsuchiya_normal_050.wav,0,フィールドマーケティングは、歴史的には一方通行のコミュニケーションツールとして考えられてきた。
tsuchiya_normal_051.wav,0,デビュー後の数年間はベビーフェイスとして本名で活動
tsuchiya_normal_052.wav,0,学校や病院などの給食業務で栄養素を計算するうえで重要な資料の一つである
tsuchiya_normal_053.wav,0,当時、怪しいワールドに上中していたぎこねこが空白にて発表。
tsuchiya_normal_054.wav,0,優福なニューヨーカーたちは、グレーブセント 計画場やシープシェットベーク計画場などにつどい、海沿いの高級レストランやホテルを利用した。
tsuchiya_normal_055.wav,0,オリアーズミックスマーシャルアーツアカデミー所属
tsuchiya_normal_056.wav,0,ところが、エリシクトーンはニュムペの精子も聞かずに、デイメイテールの歌詞を切り倒した。
tsuchiya_normal_057.wav,0,このジェシー役でステイモスはエミーションに ノミネートされたこともある
tsuchiya_normal_058.wav,0,スウェーデンイミンの両親なもとに、 マサチュー接種ケンブリッジにて生まれる
tsuchiya_normal_059.wav,0,急演のファン投票でも、人気が偶像化していた 長島茂雄に肉白する
tsuchiya_normal_060.wav,0,母は、ピーター・マリッツバーグの精神病院に入院している時にベッシーを産む
tsuchiya_normal_061.wav,0,ポイントガードからスモールフォアードまでこなせる 総合力が高いユーティープレイヤーである
tsuchiya_normal_062.wav,0,グレックは、ミシシッピシュ・アバディーンにあるオッドフェローズ墓地に埋葬されることになった。
tsuchiya_normal_063.wav,0,大当たり終了後はグラディエーターチャンスに突入する
tsuchiya_normal_064.wav,0,この筋による病気は、灰色カビ病と名付けられているものが多い
tsuchiya_normal_065.wav,0,レギュラーメンバーの顔写真をクリックした後にムービープレイヤー風に再生されるという得意な形式となっている
tsuchiya_normal_066.wav,0,肝臓への酸素供給は、 肝動脈と低厚形の紋脈を返して行われている。
tsuchiya_normal_067.wav,0,デッドキーはタイプライターやコンピューターのキーボードにおける特殊な就職キーである
tsuchiya_normal_068.wav,0,シャンシャンウマは、うど人群へ参拝する新婚夫婦が乗っていたウマのこと。
tsuchiya_normal_069.wav,0,ブルーリッジ三脈の源流からリッジモンドまで多くの駿や縁が釣りや軽流下りを楽しませてくれる
tsuchiya_normal_070.wav,0,防犯は、イーストマンラギャングのスピークイージーの上がりからワイローを取っていたとも噂された。
tsuchiya_normal_071.wav,0,ペンシルベニア州フィラデルフィアの 公外ウィンウッドのランケナウ病院で 生まれた
tsuchiya_normal_072.wav,0,ブラックはビューエル軍よりも 列成だったためにこの機会を活かすことを躊躇した
tsuchiya_normal_073.wav,0,上印議員としてバウンベルはカルフォルニア州の連邦加入に賛成した
tsuchiya_normal_074.wav,0,レジェンドシリーズをベースに、ヨーフリー機構を備えたビューカメラ。
tsuchiya_normal_075.wav,0,楽曲のセンターポジションは AKB48の高橋南が務めた
tsuchiya_normal_076.wav,0,リオニューソスの長愛を受ける、オイネウス王と、キサキ、アルタイヤーの間に、カリュウドーンの王女として生を受けた。
tsuchiya_normal_077.wav,0,体制要上の巡航高度から動力なしで地上へ 空飛行し緊急着陸に成功した
tsuchiya_normal_078.wav,0,表現行列の指標表を分子の対象性を表す天軍の指標表を用いて、 企薬表現へ分解する。
tsuchiya_normal_079.wav,0,対応漁業オーナーの中べ県基地の名を受けて、プロ野球球団対応ホエールズに関わる。
tsuchiya_normal_080.wav,0,かすかに聞こえてくる1931年版の3日家が次第に大きくなっていく
tsuchiya_normal_081.wav,0,もういい電岩北地域の上部は、プラーサーとプラビハン人異石やつながる、大川山道に続いている。
tsuchiya_normal_082.wav,0,カーミラ製と呼ばれている惑星から 宇宙船に乗って地球に侵入した宇宙人
tsuchiya_normal_083.wav,0,ドッカーバンクは、タラやニシンの旅客量が多い、重要な領馬である。
tsuchiya_normal_084.wav,0,少年時代は、ロシア帝国、チェルニーヒュウケン、プルイルウクイ軍、トロスチャニーチャムラで過ごした。
tsuchiya_normal_085.wav,0,岩井のほとんどは、スウェーデン西海岸のブーヒュースレインチホーの小島にある漁村、ふやるばっか周辺の海に参骨された。
tsuchiya_normal_086.wav,0,国境を超えて列車は改良された財ライ船に沿ってアーヘン中央駅に向かう
tsuchiya_normal_087.wav,0,福岡大栄放屈ではなく、長距離法の補強を目指していた大阪近鉄バッファローズからオファーを受けて入団。
tsuchiya_normal_088.wav,0,そこには、百ドル札とアメリカに来いという短いメッセージだけだった。
tsuchiya_normal_089.wav,0,現在は、バッハをモチーフとした、ハープシコードの作曲家として記憶されている。
tsuchiya_normal_090.wav,0,戦闘服は両腕をロスし、両脚がアンダースーツで覆われている
tsuchiya_normal_091.wav,0,同母死にスウェーデン王女ジョセフィーヌがいる
tsuchiya_normal_092.wav,0,紫外線は、表面エネルギーの小さいポリマーを接着する際の 前処理に利用される。
tsuchiya_normal_093.wav,0,自身のページでメッセージや公開コメントを通して、レビューを投稿したユーザーとコミュニケーションを取ることが可能である。
tsuchiya_normal_094.wav,0,若き日の反逆ゆえに、宇宙の中央を追放されて、惑星地球にやってきた主人公ベルゼバブが、宇宙船カルナークの中で孫に語る壮大な物語。
tsuchiya_normal_095.wav,0,ジャガートは対象的に、ボディービルダーを放負とさせる マッチョな体育会計の外見が特徴
tsuchiya_normal_096.wav,0,ペンシルベニア州ピッツバーグのアレゲーニー高校を卒業し、カリフォルニア大学バークレイ校に入学。
tsuchiya_normal_097.wav,0,この概念の導入によって、様々なバリエーションの流体のコンピュータシミュレーションが高い精度で可能となった。
tsuchiya_normal_098.wav,0,カンドックに入居してオーバーホールすべきかどうか パフォーマンスがチェックされた
tsuchiya_normal_099.wav,0,デビューウェイトはスーパーバンタム級ではなく フェザー級だった
tsuchiya_normal_100.wav,0,アーリーは交互の中を南のバージニア州 ウィンチェスター近くのフィッシャーズヒルまで軍を尻づいた
tsuchiya_angry_001.wav,1,また当時のように、古代妙王と呼ばれる仕様な妙王の中央に挟まされることも多い。
tsuchiya_angry_002.wav,1,ニューイングランド風は牛乳をベースとした白いクリームスープであり、オストンクラムチャーダーとも呼ばれる。
tsuchiya_angry_003.wav,1,コンピューターゲームの名会や 妖怪団体などに関する人物のカテゴリ
tsuchiya_angry_004.wav,1,サービスマネージャー導入駅のため 大井町駅から遠隔監視している
tsuchiya_angry_005.wav,1,シルバーサーファー衝撃事件までにリチャーズはチームメイトともに国際的にスーパーヒーロー及び有名人として認知されている
tsuchiya_angry_006.wav,1,手連春取りをはビルテンベルグリオに 変入された
tsuchiya_angry_007.wav,1,時間領域と空間領域で共通する処理手法は、フィルタリングによる入力信号の強化である。
tsuchiya_angry_008.wav,1,シャンチーの専業プロは、チームから支払われる給料と大局費を主な収入としている。
tsuchiya_angry_009.wav,1,またねじめしは、中山王の収める竜急王国との攻撃にも参加した。
tsuchiya_angry_010.wav,1,スマートフォンからフィーチャーフォーまでマルチデバイスに対応
tsuchiya_angry_011.wav,1,ゲームを車脱なナレーションから 常聴感を触れる語りまで幅広い表現力を持つ
tsuchiya_angry_012.wav,1,構造ははがねせいの単一アーチで、業客は石済である。
tsuchiya_angry_013.wav,1,そこへオーナーが新しいシェフトして腕利きの標縫を招く
tsuchiya_angry_014.wav,1,クイーンザーベニューアルファに所属している
tsuchiya_angry_015.wav,1,一方で業業と商業でリアネスコーを反映していた
tsuchiya_angry_016.wav,1,このニュー・サウス・ウェールズ代表チームが ワラビーズの中学となっていく
tsuchiya_angry_017.wav,1,ただし、ギャンブル依存症の入院治療を行っている病院はわずかである。
tsuchiya_angry_018.wav,1,他のメジャーなディストリビューションに比べ、セキュリティ上の問題の修正が遅い場合もある。
tsuchiya_angry_019.wav,1,ベルガートーは前のビディゲンウーファーパークには戦争と弾圧の犠牲者のための記念火が経っている
tsuchiya_angry_020.wav,1,全米パブリッシャーズ教会のベストストラデジ ゲームオブザイヤーを日本人として受賞
tsuchiya_angry_021.wav,1,痛みは天敵より、心痛薬を定めく投与することで心痛を行う
tsuchiya_angry_022.wav,1,この時に、冬大陸プルバマにある中立国ビュエルバが、ある情報筋からバッシュ将軍の所継と、前王女アーシェの時代を発表。
tsuchiya_angry_023.wav,1,南西部ウォーレンはベイアーマンファームズとフィッツジェラルドの地区で構成される
tsuchiya_angry_024.wav,1,このため、プラズマ中のいい音や電子の持つ平均運動エネルギーを温度で表現することがある。
tsuchiya_angry_025.wav,1,そうの表表とした人柄が 老虐難虐に従われている
tsuchiya_angry_026.wav,1,現在 ニュージャージー州 ムーワズタウに住んでいる
tsuchiya_angry_027.wav,1,長域にあったミネヤマハンは長岡派に米100秒を送ったことで有名
tsuchiya_angry_028.wav,1,この時ペリメーデーはアムピクトリオンに同行して定売に来ていたリキムニオスに妻として与えられた
tsuchiya_angry_029.wav,1,現在の活動目的としたスキーブーツは硬いプラスチックシェルと柔らかいインナーブーツからなる
tsuchiya_angry_030.wav,1,防標ブーツは表面に貼られたゴム製の薄い膜でできている
tsuchiya_angry_031.wav,1,校舎の代表がウェッジウッドのジャスパーウェアである
tsuchiya_angry_032.wav,1,キー曲が発信するニュースネットワーク名を関したタイトルのニュース番組の中では、レグラーホーソーがもっとも多い。
tsuchiya_angry_033.wav,1,芸能プロダクションアミューズのグループ企業
tsuchiya_angry_034.wav,1,長本院を省略してエルシヨンとも表記される
tsuchiya_angry_035.wav,1,森永の美味しい牛乳は、コイやオイロに牛乳瓶を知らったデザインのパック牛乳である。
tsuchiya_angry_036.wav,1,番組冒頭を東京ムービー制作のアニメーションで表現する点も共通していた
tsuchiya_angry_037.wav,1,コミューンは西ヌ川とエソヌ川の合流地点となっている
tsuchiya_angry_038.wav,1,同時に福井ミラクレエレファンスに コーチ権任で入団することが発表された
tsuchiya_angry_039.wav,1,オットである小村が救急車を呼び、どない病院に緊急搬送される
tsuchiya_angry_040.wav,1,ギレスピーはマッキーを通じてイネスと知り合った
tsuchiya_angry_041.wav,1,フォンテーヌブロー様式では、具合的な絵がしっくりのモールドに使われている。
tsuchiya_angry_042.wav,1,最尽は美衆の派の精神スーワーミーナーラーや
tsuchiya_angry_043.wav,1,ハーデースがペルセポネイに恋をしたのはアプロディーテイの削弱であるとされている
tsuchiya_angry_044.wav,1,クエンバンちゃんは、小さなコミュニティで農業や商業を中心になりたっていたと考えられている。
tsuchiya_angry_045.wav,1,ウェーザー自転車道やミューレンルートに 従ったサイクリングツアーはペータース破玄を敬意する
tsuchiya_angry_046.wav,1,フォーミュラカーは通常オープンホイールでシングルシーターである
tsuchiya_angry_047.wav,1,当日朝に大阪南波で出発セレモニーが開催され、営業運転に重当された。
tsuchiya_angry_048.wav,1,そしてインデペンデント氏の独社投票で選ぶ プレミアリーグ最優秀ゴールキーパーに選ばれと
tsuchiya_angry_049.wav,1,プレイヤーキャラクターは 急電を選挙した邪悪なクリーチャーに遭遇する
tsuchiya_angry_050.wav,1,フィールドマーケティングは歴史的には一方通行のコミュニケーションツールとして考えられてきた
tsuchiya_angry_051.wav,1,デビュー後の数年間はベビーフェイスとして本名で活動
tsuchiya_angry_052.wav,1,学校や病院などの給食業務で栄養素を計算するうえで重要な資料の一つである
tsuchiya_angry_053.wav,1,当時怪しいワールドに調中していた キコネコが空白にて発表
tsuchiya_angry_054.wav,1,優福なニューヨーカーたちはグレーブセント 計画場やシープシェットベーク計画場などにつどい海沿いの高級レストランやホテルを利用した
tsuchiya_angry_055.wav,1,おりやすミックスマーシャル発アカデミー所属
tsuchiya_angry_056.wav,1,ところが、エルシクドンは任務兵の精子も聞かずに、デメーテールの貸を切り倒した。
tsuchiya_angry_057.wav,1,このジェシー役デステイモスは、エミーションにノミネートされたこともある。
tsuchiya_angry_058.wav,1,スベーデイミンの両親のもとに、マサチュー設修ケンブリッジにて生まれる。
tsuchiya_angry_059.wav,1,救援のファン投票でも人気が偶像化していた 長島市芸をに肉白する
tsuchiya_angry_060.wav,1,母はピーターマリッツバーグの精神病院に入院している時にベッシーを産む
tsuchiya_angry_061.wav,1,ポイントガードからスモールフォアードまでこなせる 総合力が高いユーティープレイヤーである
tsuchiya_angry_062.wav,1,グレックは、ミシシピシュ・アバディンにあるオッドフェローズボチに埋葬されることになった。
tsuchiya_angry_063.wav,1,大あたり終了後はグラディエーターチャンスに突入する
tsuchiya_angry_064.wav,1,この筋による病気は灰色カビ病と名付けられているものが多い
tsuchiya_angry_065.wav,1,デゲラーメンバーの顔写真をクリックした後にムービープレイヤー風に再生されるという得意な形式となっている
tsuchiya_angry_066.wav,1,肝臓への酸素供給は 肝動脈と低壓系の門脈を返して行われている
tsuchiya_angry_067.wav,1,レッドキーはタイプライターやコンピューターのキーボードにおける特殊な就職キーである
tsuchiya_angry_068.wav,1,シャンシャンウマは、うどじんぐうへ参拝するシンコンフーフが乗っていたウマのこと。
tsuchiya_angry_069.wav,1,プルー・リッチ・サンメクの原流からリッチモンドまで多くの駿せや口が釣りや急流下りを楽しませてくれる
tsuchiya_angry_070.wav,1,冒犯はイーストマンナギャングのスピークイージーの上がりからワイルを撮っていたとも 噂された
tsuchiya_angry_071.wav,1,ペンシルペニア州フィラデルフィアの甲外ウィーンウッドのランケナウ病院で生まれた
tsuchiya_angry_072.wav,1,ブラックはピュエル軍よりも冷静だったためにこの機械を生かすことを躊躇した
tsuchiya_angry_073.wav,1,上陰銀として、バーンワルはカリフォルニア州の連邦加入に賛成した。
tsuchiya_angry_074.wav,1,デジェンドシリーズをベースに、ヨーフリー機構を備えたビューカメラ
tsuchiya_angry_075.wav,1,楽曲のセンターポジションは AKB48の高橋南が務めた
tsuchiya_angry_076.wav,1,ディオニウソスの超愛を受けるホイネウスオと、 奇先アルタイヤーの間にカルドーンの王女として聖を受けた。
tsuchiya_angry_077.wav,1,体制要上の準高高度から動力なしで地上へ 核空飛行し緊急着陸に成功した
tsuchiya_angry_078.wav,1,表現行列の指標標を分子の代調性を表す天軍の指標標を用いて、 気薬表現へ分解する
tsuchiya_angry_079.wav,1,太陽漁業オーナーの中部県基地の名を受けて、プロ野球機具団の太陽ホエールズに関わる。
tsuchiya_angry_080.wav,1,かすかに聞こえてくる1931年版の三美花が次第に大きくなっていく
tsuchiya_angry_081.wav,1,もういい電眼北地域の上部は、プラスハートプラビハン人員遺跡へつながる、大川山道に続いている。
tsuchiya_angry_082.wav,1,カーミラ製と呼ばれている惑星から 宇宙船に乗って地球に侵入した宇宙人
tsuchiya_angry_083.wav,1,ドッカーバンクは、タラやニシンの旅客量が多い重要な領馬である。
tsuchiya_angry_084.wav,1,少年時代は、ロシア帝国チェロニーヒュウケン、プルイルウクエイガン、トロスチャニーチャムラで過ごした。
tsuchiya_angry_085.wav,1,違敗のほとんどはスウェーデン西海岸の 風修スレン地方の小島にある漁村ふやるばっか周辺の海に産骨された
tsuchiya_angry_086.wav,1,国境を超えて列車は改良された財来船に沿ってアーヘン中央駅に向かう
tsuchiya_angry_087.wav,1,福岡大英法屋屑ではなく、長距離法の補強を目指していた大阪近鉄バッファローズからオファを受けて入団。
tsuchiya_angry_088.wav,1,そこには100ドル札とアメリカに来いという短いメッセージだけだった
tsuchiya_angry_089.wav,1,現在は、バッハをモチーフとしたハープシコードの作曲家として記憶されている
tsuchiya_angry_090.wav,1,戦闘服は両腕を露出し、両脚がアンダースーツで覆われている。
tsuchiya_angry_091.wav,1,どう星にスベーデン王ヒチョセフィーヌがいる
tsuchiya_angry_092.wav,1,市外線は、表面エネルギーの小さいポリマを接着する際の毎処理に利用される。
tsuchiya_angry_093.wav,1,自身のページでメッセージや公開コメントを通して、レビューを投稿したユーザーとコミュニケーションを取ることが可能である。
tsuchiya_angry_094.wav,1,若き日の反逆ゆえに、宇宙の中央を通報されて惑星地球にやってきた主人公、ベルゼバブが宇宙船カルナークの中で、孫に語る壮大な物語。
tsuchiya_angry_095.wav,1,ジャガートは対象的に、ボディビルダーを豊富とさせるマッチョな体育会計の会見が特徴
tsuchiya_angry_096.wav,1,ベンシルベニア主ピッツバーグのアレゲイニー高校を卒業し、カリフォルニア大学バークレイコーに入学
tsuchiya_angry_097.wav,1,この概念の導入によって、様々なバリエーションの流体のコンピューターシミュレーションが高い精度で可能となった
tsuchiya_angry_098.wav,1,カンドックに入居してオーバーフォールすべきかどうかパフォーマンスがチェックされた
tsuchiya_angry_099.wav,1,デビューウェイトはスーパーバンタム級ではなくフェザー級だった
tsuchiya_angry_100.wav,1,アーリーは幸運の中を南のバージニア州 フィンチェスター近くのフィッシャーズヒルまで軍を知り添いた
tsuchiya_happy_001.wav,2,また当時のように、五大妙王と呼ばれる仕様な妙王の中央に生えされることも多い
tsuchiya_happy_002.wav,2,ニューイングランド風は牛乳をベースとした白いクリームスープであり、ポストンクラムチャウダーとも呼ばれる!
tsuchiya_happy_003.wav,2,コンピューターゲームのメーカーや 業界団体などに関する人物のカテゴリー
tsuchiya_happy_004.wav,2,サービスマネージャー導入液のため、大井町駅から遠隔関心している
tsuchiya_happy_005.wav,2,シルバーサーファー衝撃事件までに、リチャーズはチーム名とともに、国際的にスーパーヒーローおよび有名人として認知されている。
tsuchiya_happy_006.wav,2,手連春取料はビルテンベルグ料に変入された
tsuchiya_happy_007.wav,2,時間領域と空間領域で共通する処理手法は、フィルタリングによる入力信号の強化である
tsuchiya_happy_008.wav,2,シャンチーの専業プロは、チームから支払われる給料と、 対極費を主な収入としている
tsuchiya_happy_009.wav,2,またネジメシは、中山王のおさびる流球王国との攻撃にも参加した
tsuchiya_happy_010.wav,2,スマートフォンからフィーチャーフォンまで マルチデバイスに対応!
tsuchiya_happy_011.wav,2,軽美を初脱なナレーションから 常聴感あふれる語りまで幅広い表現力を持つ
tsuchiya_happy_012.wav,2,構造は、墓根製の単一アーチで、 供給は一致みである!
tsuchiya_happy_013.wav,2,そこへオーナーが新しいシェフとして、腕利きの標塗を招く
tsuchiya_happy_014.wav,2,クイーンザーベニュアルファに 所属している
tsuchiya_happy_015.wav,2,一方で漁業と商業でヤネスコーは反映していた
tsuchiya_happy_016.wav,2,このニュー・サウス・ウェールズ代表チームが わらびーズの中学となっていく
tsuchiya_happy_017.wav,2,ただし、ギャンブル依存症の入院治療を行っている病院はわずかである
tsuchiya_happy_018.wav,2,他のメジャーなディストリビューションに比べセキュリティ上の問題の修正が襲い場は今ある
tsuchiya_happy_019.wav,2,ベルガートーは前のビジケンウーファーパークには、 戦争と弾圧の犠牲者のための記念日が経っている。
tsuchiya_happy_020.wav,2,全米パブリッシャーズ協会のベストストラデジーゲームオブザイヤーを日本人として受賞!
tsuchiya_happy_021.wav,2,痛みは天敵より、沈痛薬を上滅当養することで沈痛を行う
tsuchiya_happy_022.wav,2,この時に、不優大陸プルバマにある中立国ピエルバが、ある情報をすじからバッシュ将軍の初刑と、全王女アーシュの自害を発表!
tsuchiya_happy_023.wav,2,南西部ボーレンは、ペアマンファームズとフィッツジェラルドの地区で構成される
tsuchiya_happy_024.wav,2,このため、プラズマ中のイオンや電子の持つ平均運動エネルギーを温度で表現することがある
tsuchiya_happy_025.wav,2,その表彰とした人からが 老肉難所に従われている
tsuchiya_happy_026.wav,2,現在、ニュージャーG州、ムーツタウに住んでいる
tsuchiya_happy_027.wav,2,超生きに会った Mineyama-han は長岡飯に米100票を送ったことで有名
tsuchiya_happy_028.wav,2,この時ペニメーデはアムビクトリオーに同行して定売に来ていたリクムニオスに妻として与えられた
tsuchiya_happy_029.wav,2,現在の活動目的としたスキーブーツは硬いプラスチックシェルと柔らかいヒンナーブーツからなる
tsuchiya_happy_030.wav,2,冒険ブーツは表面に貼られたゴム製の薄い幕でできている
tsuchiya_happy_031.wav,2,校舎の代表がウェッジウッドのジャスパウェアである
tsuchiya_happy_032.wav,2,キー曲が発信するニュースネットワーク名を関したタイトルのニュース番組の中では、レグラー放送がもっとも多い!
tsuchiya_happy_033.wav,2,経営プロダクションアミューズのフループ企業
tsuchiya_happy_034.wav,2,長防員を省略して、エルシオンとも表記される
tsuchiya_happy_035.wav,2,森永の美味しい牛乳は、今夜大色に牛乳瓶をあしらったデザインのパック牛乳である!
tsuchiya_happy_036.wav,2,番組冒頭を東京ムービー制作のアニメーションで表現する点も共通していた
tsuchiya_happy_037.wav,2,コミューンは、セーヌ川とエソンヌ川の合流地点となっている
tsuchiya_happy_038.wav,2,当時に福井ミラクレレファンスに 工事権員で入団することが発表された
tsuchiya_happy_039.wav,2,夫である小室が急急症予備、 都内病院に緊急搬送される!
tsuchiya_happy_040.wav,2,ギレスピーはマッキーを通じてインレスト知り合った!
tsuchiya_happy_041.wav,2,本庭ぬブロー用式では、具合的な絵がしっくりのモールドに使われている
tsuchiya_happy_042.wav,2,才人は、美術の派の成人、ツーアーミーナラヤ!
tsuchiya_happy_043.wav,2,ハーデースがペルセポネーに行為をしたのはアプロディーテイの策略であるとされている
tsuchiya_happy_044.wav,2,クエンバンちゃんは小さなコミュニティで 農業や商業を中心になり立っていたと考えられている
tsuchiya_happy_045.wav,2,レーザー自転車道や入連ルートに従ったサイクリングツアーは ペータースハーゲーを敬意する!
tsuchiya_happy_046.wav,2,大ミラカーは通常オープンホイールでシングルシーターである!
tsuchiya_happy_047.wav,2,当日朝に大阪南波で出発セレモニーが開催され、営業運転に重当された!
tsuchiya_happy_048.wav,2,そして、インデペンデント市の独社投票で選ぶ プレミアリーグ最優秀ゴールキーパーに選ばれた!
tsuchiya_happy_049.wav,2,プレイヤーキャラクターは 旧電話選挙したチャーコナクリーチャーに遭遇する!
tsuchiya_happy_050.wav,2,フィールドマーキティングは、歴史的には一方通行のコミュニケーションツールとして考えられてきた!
tsuchiya_happy_051.wav,2,デビュー後の数年間はベビーフェイスとして本名で活動
tsuchiya_happy_052.wav,2,学校や病院などの給食業務で栄養素を計算する上で重要な資料の一つである
tsuchiya_happy_053.wav,2,当時、怪しいワールドに上昇していたぎこねこが空白にて発表!
tsuchiya_happy_054.wav,2,優福なニューヨーカーたちは、グレーブセントK馬場やシープセントベーK馬場などに届い、海沿いの高級レストランやホテルを利用した!
tsuchiya_happy_055.wav,2,おりやーずミックスマーシャルアツアカデミー初幕!
tsuchiya_happy_056.wav,2,たころが、エリシクとマニウムペの精神も聞かずに、 霊明テールの歌詞を切り倒した!
tsuchiya_happy_057.wav,2,かなじしい役で、ステイモスはエミーションに ノミネートされたこともある
tsuchiya_happy_058.wav,2,スウェーデイイミンの両親のもとに、マサチューセッズ州ケブリッジに手産まれる!
tsuchiya_happy_059.wav,2,9円のファントウヒョウでも人気が偶像化していた 長島茂雄に肉をはぐする
tsuchiya_happy_060.wav,2,母はピータンマリッツバーガの精神病院に入院している時にベシーを生む
tsuchiya_happy_061.wav,2,ポイントガードからスモールフォアードまでこなせる総合力が互い、ユーティリティープレイヤーである!
tsuchiya_happy_062.wav,2,グレッグは、ミシシピシュアバディにあるオッドベローズ文字に埋葬されることになった!
tsuchiya_happy_063.wav,2,大当たり終了後はグラディエーターチャンスに突入する!
tsuchiya_happy_064.wav,2,この県による病気は、灰色カビ病と名付けられているものが多い!
tsuchiya_happy_065.wav,2,レギュラーメンバーの顔写真をクリックした後にムービープレイヤー風に再生されるという得意な形式となっている
tsuchiya_happy_066.wav,2,肝臓への酸素供給は、感動脈と低壓系の紋脈を返して行われている
tsuchiya_happy_067.wav,2,レッドキーはタイプライターやコンピューターのキーボードにおける特殊な就職キーである
tsuchiya_happy_068.wav,2,シャンシャウマは、うど人群へ参拝する新婚夫婦が乗っていた婦馬のこと!
tsuchiya_happy_069.wav,2,ブルーリッジ300の源流からリッジモンドまで多くの林や家が釣りや給流くなりを楽しませてくれる
tsuchiya_happy_070.wav,2,防犯は、イーストマンラギャングのスピークイージーの上がりからワイルを撮っていたとも噂された。
tsuchiya_happy_071.wav,2,ペンシルベニア州フィラデルフィアの公外ウィウッドのランケナウ病院で生まれた
tsuchiya_happy_072.wav,2,ブラッグは、ビューエル軍よりも冷静だったために、この機会を生かすことを順調した!
tsuchiya_happy_073.wav,2,ジョインギンとしてバーワンウェルはカリフォルニア州の連邦加入に参戦した
tsuchiya_happy_074.wav,2,レジェンドシリーズをベースに用フリー機械を備えたビューカメラ!
tsuchiya_happy_075.wav,2,楽曲のセンターポジションは AKB48の高橋 南が務めた
tsuchiya_happy_076.wav,2,リオニューソスの調和を受ける おいニュース王と奇先アルタイヤーの間に 火流道の王女として聖を受けた
tsuchiya_happy_077.wav,2,体制要上の純光高度から 能力なしで地上へ格好飛行し緊急着陸に成功した
tsuchiya_happy_078.wav,2,表現行列の指標標を分子の対象性を表す天軍の指標標を用いて、 企薬表現へ分解する!
tsuchiya_happy_079.wav,2,太陽漁漁オーナーの中部剣基地の名を受けてプロや救急団の太陽ホエールズに関わる!
tsuchiya_happy_080.wav,2,かすかに聞こえてくる1931年版の3ビカが 次第に大きくなっていく
tsuchiya_happy_081.wav,2,もういい電眼ピキチーキの上部は、プラーサーとプラビハンG遺跡へつながる大川山道に続いている。
tsuchiya_happy_082.wav,2,カーミラ生と呼ばれている惑星から 宇宙船に乗って地球に侵入した宇宙時
tsuchiya_happy_083.wav,2,トッカーバンクは、タラヤ2針の旅客量が多い重要な両場である!
tsuchiya_happy_084.wav,2,少年時代は、ロシア帝国、チェルニーヒュケ、プルイルークエグ、トロステニーチェ村で過ごした!
tsuchiya_happy_085.wav,2,違敗のほとんどは、スヘデ西海岸のブーフュースレインチ航の小島にある漁村、ふやるばっか周辺の海に参骨された!
tsuchiya_happy_086.wav,2,国境を超えて列車は改良された災害戦に沿ってアーヘン中央駅に向かう
tsuchiya_happy_087.wav,2,福岡大英ホークスではなく、長距離法の補強を目指していた大阪近鉄バッファローズからオーワーを受けて入団!
tsuchiya_happy_088.wav,2,そこには、100ドル札とアメリカに来いという短いメッセージだけだった
tsuchiya_happy_089.wav,2,現在は、バッハをモチーフとしたハープシコードの3曲家として記憶されている
tsuchiya_happy_090.wav,2,戦闘服は両腕をロスし、両脚がアンダースーツで追われている
tsuchiya_happy_091.wav,2,どうも、シニースウェーデーオーヒー、ジョセフィーナがいる!
tsuchiya_happy_092.wav,2,市外線は、表面エネルギーの小さいポリマーを接着する際の前処理に利用される
tsuchiya_happy_093.wav,2,自信のページでメッセージや公開コメントを通してレビューを投稿したユンサーとコミュニケーションを取ることが可能である
tsuchiya_happy_094.wav,2,若干の反逆世衛に、宇宙の中央を追放されて、惑星地球にやってきた主人公ベルゼバブが、宇宙船カラナークの中で孫に語る壮大な物語!
tsuchiya_happy_095.wav,2,ジャガートは対象的に、ボディビルダーを豊富とさせる、 マッチョな体育会計の外見が特徴!
tsuchiya_happy_096.wav,2,ペイシルベニア州ピッツバーグのアレゲイニー高校を卒業し、カリフォルニア大学バークレイコーに入学!
tsuchiya_happy_097.wav,2,この概念の導入によって、様々なバリエーションの流体のコンピューターシミュレーションが高い精度で可能となった!
tsuchiya_happy_098.wav,2,カンドックに入居して、オーバーホールすべきかどうか、パフォーマンスがチェックされた!
tsuchiya_happy_099.wav,2,デビューウェイトはスーパーパンタム中ではなく フェザー級だった!
tsuchiya_happy_100.wav,2,アーリーは交付の中、南のバージニア州ウィンテスター近くのフィッシャーズヒルまで群を知り添えた!
